item_id,ingredient_id,qty,unit
cocktail-mojito,spirit-house-white-rum,50,ml
cocktail-mojito,ing-lime-juice,25,ml
cocktail-mojito,ing-sugar-syrup,20,ml
cocktail-mojito,ing-mint,8,leaf
cocktail-mojito,soft-soda-water,60,ml
cocktail-mojito,ing-ice,1,scoop
cocktail-margarita,spirit-house-tequila,50,ml
cocktail-margarita,ing-triple-sec,25,ml
cocktail-margarita,ing-lime-juice,25,ml
cocktail-margarita,ing-salt,2,g
cocktail-margarita,ing-ice,1,scoop
cocktail-long-island,spirit-house-vodka,15,ml
cocktail-long-island,spirit-house-gin,15,ml
cocktail-long-island,spirit-house-white-rum,15,ml
cocktail-long-island,spirit-house-tequila,15,ml
cocktail-long-island,ing-triple-sec,15,ml
cocktail-long-island,ing-lemon-juice,25,ml
cocktail-long-island,ing-sugar-syrup,10,ml
cocktail-long-island,soft-coca-cola,50,ml
cocktail-long-island,ing-ice,1,scoop
cocktail-pina-colada,spirit-house-white-rum,50,ml
cocktail-pina-colada,ing-coconut-cream,30,ml
cocktail-pina-colada,soft-pineapple-juice,90,ml
cocktail-pina-colada,ing-ice,1,scoop
cocktail-cosmopolitan,spirit-house-vodka,40,ml
cocktail-cosmopolitan,ing-triple-sec,15,ml
cocktail-cosmopolitan,ing-lime-juice,15,ml
cocktail-cosmopolitan,soft-cranberry-juice,30,ml
cocktail-old-fashioned,spirit-house-bourbon,60,ml
cocktail-old-fashioned,ing-sugar-syrup,8,ml
cocktail-old-fashioned,ing-angostura,2,dash
cocktail-old-fashioned,ing-orange-peel,1,each
cocktail-old-fashioned,ing-ice,1,scoop
cocktail-negroni,spirit-house-gin,30,ml
cocktail-negroni,liq-campari,30,ml
cocktail-negroni,liq-martini-rosso,30,ml
cocktail-negroni,ing-orange-peel,1,each
cocktail-negroni,ing-ice,1,scoop
cocktail-espresso-martini,spirit-house-vodka,50,ml
cocktail-espresso-martini,ing-coffee-liqueur,25,ml
cocktail-espresso-martini,ing-espresso,30,ml
cocktail-espresso-martini,ing-sugar-syrup,10,ml
cocktail-aperol-spritz,liq-aperol,60,ml
cocktail-aperol-spritz,sparkling-house-prosecco,90,ml
cocktail-aperol-spritz,soft-soda-water,30,ml
cocktail-aperol-spritz,ing-orange-slice,1,each
cocktail-aperol-spritz,ing-ice,1,scoop
cocktail-daiquiri,spirit-house-white-rum,50,ml
cocktail-daiquiri,ing-lime-juice,25,ml
cocktail-daiquiri,ing-sugar-syrup,15,ml
cocktail-whiskey-sour,spirit-house-bourbon,50,ml
cocktail-whiskey-sour,ing-lemon-juice,25,ml
cocktail-whiskey-sour,ing-sugar-syrup,15,ml
cocktail-whiskey-sour,ing-egg-white,20,ml
cocktail-whiskey-sour,ing-angostura,1,dash
cocktail-moscow-mule,spirit-house-vodka,50,ml
cocktail-moscow-mule,ing-lime-juice,15,ml
cocktail-moscow-mule,soft-ginger-beer,120,ml
cocktail-moscow-mule,ing-ice,1,scoop
cocktail-sex-on-the-beach,spirit-house-vodka,40,ml
cocktail-sex-on-the-beach,ing-peach-schnapps,20,ml
cocktail-sex-on-the-beach,soft-orange-juice,60,ml
cocktail-sex-on-the-beach,soft-cranberry-juice,60,ml
cocktail-sex-on-the-beach,ing-ice,1,scoop
cocktail-tequila-sunrise,spirit-house-tequila,50,ml
cocktail-tequila-sunrise,soft-orange-juice,100,ml
cocktail-tequila-sunrise,ing-grenadine,15,ml
cocktail-tequila-sunrise,ing-ice,1,scoop
cocktail-mai-tai,spirit-house-white-rum,30,ml
cocktail-mai-tai,spirit-house-dark-rum,30,ml
cocktail-mai-tai,ing-triple-sec,15,ml
cocktail-mai-tai,ing-orgeat,15,ml
cocktail-mai-tai,ing-lime-juice,25,ml
cocktail-mai-tai,ing-ice,1,scoop
cocktail-pornstar-martini,spirit-house-vodka,40,ml
cocktail-pornstar-martini,ing-vanilla-syrup,10,ml
cocktail-pornstar-martini,ing-passion-fruit-puree,30,ml
cocktail-pornstar-martini,ing-lime-juice,10,ml
cocktail-pornstar-martini,sparkling-house-prosecco,50,ml
cocktail-caesar,spirit-house-vodka,30,ml
cocktail-caesar,ing-clamato,120,ml
cocktail-caesar,ing-worcestershire,2,dash
cocktail-caesar,ing-hot-sauce,2,dash
cocktail-caesar,ing-celery-salt,1,g
cocktail-caesar,ing-lime-wedge,1,each
cocktail-caesar,ing-ice,1,scoop
cocktail-bloody-mary,spirit-house-vodka,50,ml
cocktail-bloody-mary,ing-tomato-juice,120,ml
cocktail-bloody-mary,ing-lemon-juice,10,ml
cocktail-bloody-mary,ing-worcestershire,3,dash
cocktail-bloody-mary,ing-hot-sauce,2,dash
cocktail-bloody-mary,ing-celery-salt,1,g
cocktail-bloody-mary,ing-ice,1,scoop
cocktail-gin-tonic,spirit-house-gin,50,ml
cocktail-gin-tonic,soft-schweppes-tonic,150,ml
cocktail-gin-tonic,ing-lime-wedge,1,each
cocktail-gin-tonic,ing-ice,1,scoop
cocktail-cuba-libre,spirit-house-white-rum,50,ml
cocktail-cuba-libre,soft-coca-cola,150,ml
cocktail-cuba-libre,ing-lime-wedge,1,each
cocktail-cuba-libre,ing-ice,1,scoop
cocktail-henny-coke,cognac-hennessy-vs,50,ml
cocktail-henny-coke,soft-coca-cola,150,ml
cocktail-henny-coke,ing-ice,1,scoop
cocktail-vodka-red-bull,spirit-house-vodka,50,ml
cocktail-vodka-red-bull,soft-red-bull,250,ml
cocktail-vodka-red-bull,ing-ice,1,scoop
shot-tequila,spirit-house-tequila,35,ml
shot-tequila,ing-salt,1,g
shot-tequila,ing-lime-wedge,1,each
shot-jagerbomb,liq-jagermeister,35,ml
shot-jagerbomb,soft-red-bull,125,ml
shot-b52,ing-coffee-liqueur,15,ml
shot-b52,liq-baileys,15,ml
shot-b52,ing-triple-sec,15,ml
mocktail-chapman,soft-fanta-orange,150,ml
mocktail-chapman,soft-sprite,150,ml
mocktail-chapman,ing-grenadine,15,ml
mocktail-chapman,ing-angostura,3,dash
mocktail-chapman,ing-cucumber,3,slice
mocktail-chapman,ing-orange-slice,1,each
mocktail-chapman,ing-ice,1,scoop
mocktail-virgin-mojito,ing-lime-juice,25,ml
mocktail-virgin-mojito,ing-sugar-syrup,20,ml
mocktail-virgin-mojito,ing-mint,8,leaf
mocktail-virgin-mojito,soft-soda-water,120,ml
mocktail-virgin-mojito,ing-ice,1,scoop
mocktail-shirley-temple,soft-ginger-ale,200,ml
mocktail-shirley-temple,ing-grenadine,15,ml
mocktail-shirley-temple,ing-ice,1,scoop
mocktail-fresh-lemonade,ing-lemon-juice,40,ml
mocktail-fresh-lemonade,ing-sugar-syrup,30,ml
mocktail-fresh-lemonade,soft-water-still,200,ml
mocktail-fresh-lemonade,ing-ice,1,scoop
